BoilerType,1008,ObjectType
BoilerType_DeviceHealth,1009,Variable
BoilerType_ParameterSet,1010,Object
BoilerType_ParameterSet_ParameterIdentifier>,1011,Variable
BoilerType_ParameterSet_HumiditySetpoint,1012,Variable
BoilerType_ParameterSet_TemperatureSetpoint,1013,Variable
BoilerType_ParameterSet_ParameterIdentifier,1014,Variable
NewBoilerType,1015,ObjectType
NewBoilerType_DeviceHealth,1016,Variable
NewBoilerType_ParameterSet,1017,Object
NewBoilerType_ParameterSet_ParameterIdentifier,1018,Variable
NewBoilerType_ParameterSet_HumiditySetpoint,1019,Variable
NewBoilerType_ParameterSet_TemperatureSetpoint,1020,Variable
FlowTo,1021,ReferenceType
HotFlowTo,1022,ReferenceType
SignalTo,1023,ReferenceType
BoilerHaltedEventType,1024,ObjectType
CustomControllerType,1025,ObjectType
CustomControllerType_Input1,1026,Variable
CustomControllerType_Input2,1027,Variable
CustomControllerType_Input3,1028,Variable
CustomControllerType_ControlOut,1029,Variable
CustomControllerType_Description,1030,Variable
GenericSensorType,1031,ObjectType
GenericSensorType_Output,1032,Variable
GenericSensorType_Output_EURange,1033,Variable
GenericControllerType,1034,ObjectType
GenericControllerType_ControlOut,1035,Variable
GenericControllerType_Measurement,1036,Variable
GenericControllerType_SetPoint,1037,Variable
FlowControllerType,1038,ObjectType
LevelControllerType,1039,ObjectType
FlowTransmitterType,1040,ObjectType
LevelIndicatorType,1041,ObjectType
GenericActuatorType,1042,ObjectType
GenericActuatorType_Input,1043,Variable
GenericActuatorType_Input_EURange,1044,Variable
ValveType,1045,ObjectType
BoilerInputPipeType,1046,ObjectType
BoilerInputPipeType_FTX001,1047,Object
BoilerInputPipeType_FTX001_Output,1048,Variable
BoilerInputPipeType_FTX001_Output_EURange,1049,Variable
BoilerInputPipeType_ValveX001,1050,Object
BoilerInputPipeType_ValveX001_Input,1051,Variable
BoilerInputPipeType_ValveX001_Input_EURange,1052,Variable
BoilerOutputPipeType,1053,ObjectType
BoilerOutputPipeType_FTX002,1054,Object
BoilerOutputPipeType_FTX002_Output,1055,Variable
BoilerOutputPipeType_FTX002_Output_EURange,1056,Variable
BoilerDrumType,1057,ObjectType
BoilerDrumType_LIX001,1058,Object
BoilerDrumType_LIX001_Output,1059,Variable
BoilerDrumType_LIX001_Output_EURange,1060,Variable
BoilerStateMachineType,1061,ObjectType
BoilerStateMachineType_Halt,1062,Method
BoilerStateMachineType_Reset,1063,Method
BoilerStateMachineType_Start,1064,Method
BoilerStateMachineType_Suspend,1065,Method
BoilerStateMachineType_Resume,1066,Method
BoilerType_CCX001,1067,Object
BoilerType_CCX001_Input1,1068,Variable
BoilerType_CCX001_Input2,1069,Variable
BoilerType_CCX001_Input3,1070,Variable
BoilerType_CCX001_ControlOut,1071,Variable
BoilerType_CCX001_Description,1072,Variable
BoilerType_FCX001,1073,Object
BoilerType_FCX001_ControlOut,1074,Variable
BoilerType_FCX001_Measurement,1075,Variable
BoilerType_FCX001_SetPoint,1076,Variable
BoilerType_LCX001,1077,Object
BoilerType_LCX001_ControlOut,1078,Variable
BoilerType_LCX001_Measurement,1079,Variable
BoilerType_LCX001_SetPoint,1080,Variable
BoilerType_PipeX001,1081,Object
BoilerType_PipeX001_FTX001,1082,Object
BoilerType_PipeX001_FTX001_Output,1083,Variable
BoilerType_PipeX001_FTX001_Output_EURange,1084,Variable
BoilerType_PipeX001_ValveX001,1085,Object
BoilerType_PipeX001_ValveX001_Input,1086,Variable
BoilerType_PipeX001_ValveX001_Input_EURange,1087,Variable
BoilerType_DrumX001,1088,Object
BoilerType_DrumX001_LIX001,1089,Object
BoilerType_DrumX001_LIX001_Output,1090,Variable
BoilerType_DrumX001_LIX001_Output_EURange,1091,Variable
BoilerType_PipeX002,1092,Object
BoilerType_PipeX002_FTX002,1093,Object
BoilerType_PipeX002_FTX002_Output,1094,Variable
BoilerType_PipeX002_FTX002_Output_EURange,1095,Variable
BoilerType_Simulation,1096,Object
BoilerType_Simulation_Halt,1097,Method
BoilerType_Simulation_Reset,1098,Method
BoilerType_Simulation_Start,1099,Method
BoilerType_Simulation_Suspend,1100,Method
BoilerType_Simulation_Resume,1101,Method
BoilerType_Simulation_CurrentState,1102,Variable
BoilerType_Simulation_CurrentState_Id,1103,Variable
BoilerType_Simulation_CurrentState_Number,1104,Variable
BoilerType_Simulation_LastTransition,1105,Variable
BoilerType_Simulation_LastTransition_Id,1106,Variable
BoilerType_Simulation_LastTransition_Number,1107,Variable
BoilerType_Simulation_LastTransition_TransitionTime,1108,Variable
BoilerType_Simulation_Deletable,1109,Variable
BoilerType_Simulation_AutoDelete,1110,Variable
BoilerType_Simulation_RecycleCount,1111,Variable
BoilerDeviceType,1112,ObjectType
BoilerDeviceType_DeviceHealth,1113,Variable
BoilerDeviceType_ParameterSet,1114,Object
BoilerDeviceType_ParameterSet_ParameterIdentifier,1115,Variable
BoilerDeviceType_ParameterSet_HumiditySetpoint,1116,Variable
BoilerDeviceType_ParameterSet_TemperatureSetpoint,1117,Variable